RT,Trial,Shock,Delay,Block,PCode,Session,Outcome
0.4535837999999899,1.0,1.0,1.5,1.0,3.0,0.0,1.0
0.3848533000000316,1.0,0.0,2.0,1.0,3.0,0.0,1.0
0.36775060000002213,1.0,0.0,1.5,1.0,3.0,0.0,1.0
0.3498038000000179,1.0,1.0,1.5,1.0,3.0,0.0,1.0
0.4314762999999857,0.0,0.0,1.5,1.0,3.0,0.0,0.0
2.0000254999999925,0.0,1.0,2.5,1.0,3.0,0.0,1.0
0.43087449999995897,1.0,1.0,2.0,1.0,3.0,0.0,1.0
0.48484050000001844,1.0,0.0,2.5,1.0,3.0,0.0,1.0
