RT,Trial,Delay,Threat,PCode,Session,Block,Outcome
0.6025595000010071,1.0,1.5,0.0,0.0,0.0,0.0,0.0
0.3301069999997708,1.0,1.5,0.0,0.0,0.0,0.0,1.0
0.34369189999961236,1.0,2.5,0.0,0.0,0.0,0.0,1.0
0.33559169999898586,0.0,2.5,0.0,0.0,0.0,0.0,0.0
