RT,Trial,Shock,Delay,Block,PCode,Session,Outcome
0.46695279999403283,1.0,0.0,2.0,0.0,3.0,0.0,1.0
0.5600718000059715,1.0,1.0,1.5,0.0,3.0,0.0,0.0
0.37156539999705274,0.0,0.0,2.0,0.0,3.0,0.0,0.0
0.5672326000058092,1.0,1.0,2.0,0.0,3.0,0.0,0.0
