RT,Trial,Shock,Delay,Block,PCode,Session,Outcome
0.4848749999946449,1.0,1.0,1.5,1.0,3.0,0.0,1.0
0.5560301999939838,1.0,0.0,2.5,1.0,3.0,0.0,0.0
0.5706005999963963,1.0,1.0,2.0,1.0,3.0,0.0,0.0
0.4200264000101015,0.0,1.0,2.5,1.0,3.0,0.0,0.0
